<?xml version="1.0" encoding="UTF-8"?>
<beans xmlns="http://www.springframework.org/schema/beans"
	xmlns:xsi="http://www.w3.org/2001/XMLSchema-instance"
	xmlns:context="http://www.springframework.org/schema/context"
	xmlns:mvc="http://www.springframework.org/schema/mvc"
	xmlns:tx="http://www.springframework.org/schema/tx"
	xsi:schemaLocation="http://www.springframework.org/schema/mvc http://www.springframework.org/schema/mvc/spring-mvc.xsd
		http://www.springframework.org/schema/beans http://www.springframework.org/schema/beans/spring-beans.xsd
		http://www.springframework.org/schema/context http://www.springframework.org/schema/context/spring-context.xsd
		http://www.springframework.org/schema/tx http://www.springframework.org/schema/tx/spring-tx.xsd">

	<context:annotation-config />
	<context:component-scan base-package="clinicMap" />
	<mvc:annotation-driven />
	<tx:annotation-driven
		transaction-manager="transactionManager" />
	<mvc:view-controller path="/"
		view-name="redirect:preLoginAction.controller" />
	<mvc:default-servlet-handler />

	<bean id="SQLserverJndiDataSource"
		class="org.springframework.jndi.JndiObjectFactoryBean">
		<property name="jndiName"
			value="java:comp/env/jndiJdbcConnSQLServer/loginSystem"></property>
	</bean>

	<bean id="sessionFactory" destroy-method="destroy"
		class="org.springframework.orm.hibernate5.LocalSessionFactoryBean">
		<property name="dataSource" ref="SQLserverJndiDataSource" />
		<property name="packagesToScan" value="clinicMap"></property>
		<property name="hibernateProperties">
			<props>
				<prop key="hibernate.dialect">org.hibernate.dialect.SQLServerDialect</prop>
				<prop key="hibernate.show_sql">true</prop>
				<prop key="hibernate.format_sql">true</prop>
				<prop key="hibernate.current_session_context_class">thread</prop>
			</props>
		</property>
	</bean>
	<bean id="transactionManager"
		class="org.springframework.orm.hibernate5.HibernateTransactionManager">
		<property name="sessionFactory" ref="sessionFactory"></property>
	</bean>
	<bean
		class="org.springframework.web.servlet.view.InternalResourceViewResolver">
		<property name="viewClass"
			value="org.springframework.web.servlet.view.JstlView"></property>
	</bean>

	<bean id="multipartResolver"
		class="org.springframework.web.multipart.commons.CommonsMultipartResolver">
		<property name="defaultEncoding" value="utf-8" />
		<!-- 最大内存大小 -->
		<property name="maxInMemorySize" value="10240" />
		<!-- 最大文件大小，-1为不限制大小 -->
		<property name="maxUploadSize" value="-1" />
	</bean>
</beans>
